chr	start	end	ID	liftoff	miniprot	lifton	method	mutation
CM033164.1	6137215	6141238	rna-XM_026443171.1	0.9974619289340102	0.9974587039390088	0.9974587039390088	LiftOn_chaining_algorithm	frameshift;stop_missing
CM033164.1	6137215	6139987	rna-XM_026443172.1	0.9969465648854962	0.9969418960244648	0.9969418960244648	LiftOn_chaining_algorithm	frameshift;stop_missing
CM033159.1	5829479	5831132	rna-XM_026440730.1	0.9777777777777776	0.9775784753363228	0.8938775510204081	LiftOn_chaining_algorithm	frameshift;stop_codon_gain