chr	start	end	ID	liftoff	miniprot	lifton	method	mutation
CP096027.1	12092335	12095811	rna-NM_117704.6	0.4577464788732394	0.4503496503496503	0.454031117397454	LiftOn_chaining_algorithm	frameshift;stop_codon_gain
CP096024.1	30896658	30902917	rna-NM_106322.4	0.8296658516707417	0.9640816326530612	0.9617263843648208	LiftOn_chaining_algorithm	frameshift;stop_codon_gain
CP096027.1	12371295	12374879	rna-NM_117769.3	0.1597315436241611	0.93974175035868	0.48379970544919	LiftOn_chaining_algorithm	frameshift